seed,mean_reward,std_reward
0,8.970300000000002,6.181879723029234
